{"P_Acoculco.csv": [19.94551763857352, -98.1342090794785], "P_alcaparrosa.csv": [19.938287335451456, -98.1403903008043], "P_Azufres.csv": [19.922608931287755, -98.1446972068743], "P_Chichinautzin.csv": [19.08627758098732, -99.1271971420124], "P_Escalera.csv": [19.59937443895357, -101.03290674004415], "P_Michoa.csv": [19.329928048541866, -96.30251214624522], "P_Puruandiro.csv": [20.088816962773418, -101.49355905556486]}