{"P_Acoculco": [19.945517638573506, -98.1342090794785], "P_Alcaparrosa": [19.938287335451456, -98.1403903008043], "P_Azufres": [19.922608931287755, -98.1446972068743], "P_Chichinautzin": [19.08627758098732, -99.1271971420124], "P_Escalera": [19.59937443895357, -101.03290674004415], "P_Michoa": [19.329928048541866, -96.30251214624522], "P_Puruandiro": [20.088816962773418, -101.49355905556486]}